{"n": 10, "ema_ms": 60.78668283999999, "mean_ms": 73.9, "max_ms": 388.0, "trend": {"n": 10, "slope": 4.866666666666666, "intercept": 52.00000000000001, "r2": 0.01567048330444898, "identity": false}}