{"ema_bench": 0.07972270363951495, "ema_eval": 0.09999999999999987, "ema_false": 0.66, "n": 1}